rundate,this_period,last_period,group_name,airport_1_name,airport_2_name,total_pax_this_period,total_pax_scheduled_this_period,total_pax_charter_this_period,total_pax_last_period,total_pax_scheduled_last_period,total_pax_charter_last_period,total_pax_percent
21/10/2022 12:39,202208,202108,Other Reporting Airports,ABERDEEN,BELFAST CITY (GEORGE BEST),2348,2348,0,1553,1553,0,51.19124
21/10/2022 12:39,202208,202108,Other Reporting Airports,ABERDEEN,BIRMINGHAM,5516,5516,0,1846,1846,0,198.80823
21/10/2022 12:39,202208,202108,Other Reporting Airports,ABERDEEN,BRISTOL,1638,1638,0,5286,5286,0,-69.01249
21/10/2022 12:39,202208,202108,Other Reporting Airports,ABERDEEN,EXETER,688,688,0,762,762,0,-9.71129
21/10/2022 12:39,202208,202108,Other Reporting Airports,ABERDEEN,GLASGOW,3,3,0,0,0,0,0
21/10/2022 12:39,202208,202108,Other Reporting Airports,ABERDEEN,HUMBERSIDE,899,899,0,1232,1232,0,-27.02922
21/10/2022 12:39,202208,202108,Other Reporting Airports,ABERDEEN,JERSEY,0,0,0,857,857,0,-100
21/10/2022 12:39,202208,202108,Other Reporting Airports,ABERDEEN,KIRKWALL,4102,4102,0,3108,3108,0,31.98198
21/10/2022 12:39,202208,202108,Other Reporting Airports,ABERDEEN,MANCHESTER,9341,9341,0,4381,4381,0,113.21616
21/10/2022 12:39,202208,202108,Other Reporting Airports,ABERDEEN,NEWCASTLE,764,764,0,0,0,0,0
21/10/2022 12:39,202208,202108,Other Reporting Airports,ABERDEEN,NEWQUAY,2667,2667,0,1797,1797,0,48.41402
21/10/2022 12:39,202208,202108,Other Reporting Airports,ABERDEEN,NORWICH,2824,2635,189,1292,1292,0,118.57585
21/10/2022 12:39,202208,202108,Other Reporting Airports,ABERDEEN,SOUTHAMPTON,173,173,0,0,0,0,0
21/10/2022 12:39,202208,202108,Other Reporting Airports,ABERDEEN,SUMBURGH,9354,6087,3267,7741,4730,3011,20.8371
21/10/2022 12:39,202208,202108,Other Reporting Airports,ABERDEEN,TEESSIDE INTERNATIONAL AIRPORT,2016,2016,0,841,841,0,139.71463
21/10/2022 12:39,202208,202108,Other Reporting Airports,ABERDEEN,WICK JOHN O GROATS,792,792,0,0,0,0,0
21/10/2022 12:39,202208,202108,Other Reporting Airports,ALDERNEY,GUERNSEY,3434,3434,0,3935,3935,0,-12.73189
21/10/2022 12:39,202208,202108,Other Reporting Airports,ALDERNEY,SOUTHAMPTON,2090,2090,0,1832,1832,0,14.08297
21/10/2022 12:39,202208,202108,Other Reporting Airports,BARRA,GLASGOW,1493,1493,0,1518,1518,0,-1.6469
21/10/2022 12:39,202208,202108,Other Reporting Airports,BELFAST CITY (GEORGE BEST),BIRMINGHAM,18021,18021,0,5445,5445,0,230.96419
21/10/2022 12:39,202208,202108,Other Reporting Airports,BELFAST CITY (GEORGE BEST),CARDIFF WALES,2406,2406,0,742,742,0,224.25876
21/10/2022 12:39,202208,202108,Other Reporting Airports,BELFAST CITY (GEORGE BEST),DUNDEE,677,677,0,910,910,0,-25.6044
21/10/2022 12:39,202208,202108,Other Reporting Airports,BELFAST CITY (GEORGE BEST),EAST MIDLANDS INTERNATIONAL,3720,3720,0,0,0,0,0
21/10/2022 12:39,202208,202108,Other Reporting Airports,BELFAST CITY (GEORGE BEST),EDINBURGH,9843,9843,0,4197,4197,0,134.52466
21/10/2022 12:39,202208,202108,Other Reporting Airports,BELFAST CITY (GEORGE BEST),EXETER,2689,2689,0,2496,2496,0,7.73237
21/10/2022 12:39,202208,202108,Other Reporting Airports,BELFAST CITY (GEORGE BEST),FARNBOROUGH,0,0,0,62,0,62,-100
21/10/2022 12:39,202208,202108,Other Reporting Airports,BELFAST CITY (GEORGE BEST),GLASGOW,9701,9701,0,2437,2437,0,298.0714
21/10/2022 12:39,202208,202108,Other Reporting Airports,BELFAST CITY (GEORGE BEST),INVERNESS,2140,2140,0,1304,1304,0,64.11043
21/10/2022 12:39,202208,202108,Other Reporting Airports,BELFAST CITY (GEORGE BEST),LEEDS BRADFORD,12790,12790,0,3991,3991,0,220.47106
21/10/2022 12:39,202208,202108,Other Reporting Airports,BELFAST CITY (GEORGE BEST),LIVERPOOL (JOHN LENNON),7028,7028,0,0,0,0,0
21/10/2022 12:39,202208,202108,Other Reporting Airports,BELFAST CITY (GEORGE BEST),MANCHESTER,12591,12591,0,5731,5731,0,119.69988
21/10/2022 12:39,202208,202108,Other Reporting Airports,BELFAST CITY (GEORGE BEST),NEWQUAY,0,0,0,873,873,0,-100
21/10/2022 12:39,202208,202108,Other Reporting Airports,BELFAST CITY (GEORGE BEST),SOUTHAMPTON,9395,9395,0,2772,2772,0,238.92496
21/10/2022 12:39,202208,202108,Other Reporting Airports,BELFAST CITY (GEORGE BEST),TEESSIDE INTERNATIONAL AIRPORT,878,878,0,1182,1182,0,-25.71912
21/10/2022 12:39,202208,202108,Other Reporting Airports,BELFAST INTERNATIONAL,BIRMINGHAM,28842,28842,0,31046,31029,17,-7.09914
21/10/2022 12:39,202208,202108,Other Reporting Airports,BELFAST INTERNATIONAL,BOURNEMOUTH,0,0,0,2204,2204,0,-100
21/10/2022 12:39,202208,202108,Other Reporting Airports,BELFAST INTERNATIONAL,BRISTOL,25377,25377,0,25218,25218,0,0.6305
21/10/2022 12:39,202208,202108,Other Reporting Airports,BELFAST INTERNATIONAL,EAST MIDLANDS INTERNATIONAL,182,0,182,5003,5003,0,-96.36218
21/10/2022 12:39,202208,202108,Other Reporting Airports,BELFAST INTERNATIONAL,EDINBURGH,29255,29255,0,26175,26175,0,11.76695
21/10/2022 12:39,202208,202108,Other Reporting Airports,BELFAST INTERNATIONAL,GLASGOW,26808,26808,0,21218,21218,0,26.34556
21/10/2022 12:39,202208,202108,Other Reporting Airports,BELFAST INTERNATIONAL,INVERNESS,0,0,0,1597,1597,0,-100
21/10/2022 12:39,202208,202108,Other Reporting Airports,BELFAST INTERNATIONAL,ISLE OF MAN,2364,2364,0,1749,1749,0,35.16295
21/10/2022 12:39,202208,202108,Other Reporting Airports,BELFAST INTERNATIONAL,JERSEY,4007,4007,0,3676,3676,0,9.00435
21/10/2022 12:39,202208,202108,Other Reporting Airports,BELFAST INTERNATIONAL,LEEDS BRADFORD,3359,3344,15,4996,4996,0,-32.76621
21/10/2022 12:39,202208,202108,Other Reporting Airports,BELFAST INTERNATIONAL,LIVERPOOL (JOHN LENNON),34412,34412,0,38374,38374,0,-10.3247
21/10/2022 12:39,202208,202108,Other Reporting Airports,BELFAST INTERNATIONAL,MANCHESTER,33112,33112,0,38276,38276,0,-13.49148
21/10/2022 12:39,202208,202108,Other Reporting Airports,BELFAST INTERNATIONAL,NEWCASTLE,19204,19204,0,13674,13674,0,40.44171
21/10/2022 12:39,202208,202108,Other Reporting Airports,BENBECULA,GLASGOW,2357,2357,0,1969,1969,0,19.70543
21/10/2022 12:39,202208,202108,Other Reporting Airports,BENBECULA,INVERNESS,345,345,0,0,0,0,0
21/10/2022 12:39,202208,202108,Other Reporting Airports,BENBECULA,STORNOWAY,113,113,0,440,440,0,-74.31818
21/10/2022 12:39,202208,202108,Other Reporting Airports,BIGGIN HILL,GLASGOW,0,0,0,34,0,34,-100
21/10/2022 12:39,202208,202108,Other Reporting Airports,BIGGIN HILL,NEWCASTLE,0,0,0,9,0,9,-100
21/10/2022 12:39,202208,202108,Other Reporting Airports,BIRMINGHAM,EAST MIDLANDS INTERNATIONAL,0,0,0,144,144,0,-100
21/10/2022 12:39,202208,202108,Other Reporting Airports,BIRMINGHAM,EDINBURGH,18895,18895,0,12470,12470,0,51.52366
21/10/2022 12:39,202208,202108,Other Reporting Airports,BIRMINGHAM,GLASGOW,19072,19072,0,6251,6251,0,205.10318
21/10/2022 12:39,202208,202108,Other Reporting Airports,BIRMINGHAM,GUERNSEY,3533,3533,0,1818,1818,0,94.33443
21/10/2022 12:39,202208,202108,Other Reporting Airports,BIRMINGHAM,INVERNESS,2200,2200,0,1813,1813,0,21.34584
21/10/2022 12:39,202208,202108,Other Reporting Airports,BIRMINGHAM,ISLE OF MAN,2452,2452,0,1510,1510,0,62.38411
21/10/2022 12:39,202208,202108,Other Reporting Airports,BIRMINGHAM,JERSEY,5615,5615,0,5274,5274,0,6.46568
21/10/2022 12:39,202208,202108,Other Reporting Airports,BIRMINGHAM,MANCHESTER,0,0,0,53,53,0,-100
21/10/2022 12:39,202208,202108,Other Reporting Airports,BIRMINGHAM,NEWCASTLE,0,0,0,53,53,0,-100
21/10/2022 12:39,202208,202108,Other Reporting Airports,BIRMINGHAM,NEWQUAY,0,0,0,1035,1035,0,-100
21/10/2022 12:39,202208,202108,Other Reporting Airports,BIRMINGHAM,SOUTHAMPTON,20,20,0,0,0,0,0
21/10/2022 12:39,202208,202108,Other Reporting Airports,BLACKPOOL,CARDIFF WALES,0,0,0,68,0,68,-100
21/10/2022 12:39,202208,202108,Other Reporting Airports,BOURNEMOUTH,EAST MIDLANDS INTERNATIONAL,0,0,0,80,80,0,-100
21/10/2022 12:39,202208,202108,Other Reporting Airports,BOURNEMOUTH,EDINBURGH,0,0,0,2707,2707,0,-100
21/10/2022 12:39,202208,202108,Other Reporting Airports,BOURNEMOUTH,HUMBERSIDE,0,0,0,86,86,0,-100
21/10/2022 12:39,202208,202108,Other Reporting Airports,BOURNEMOUTH,LIVERPOOL (JOHN LENNON),94,0,94,889,889,0,-89.42632
21/10/2022 12:39,202208,202108,Other Reporting Airports,BOURNEMOUTH,MANCHESTER,90,0,90,0,0,0,0
21/10/2022 12:39,202208,202108,Other Reporting Airports,BRISTOL,EDINBURGH,25411,25411,0,24092,24092,0,5.47485
21/10/2022 12:39,202208,202108,Other Reporting Airports,BRISTOL,GLASGOW,30290,30290,0,19894,19894,0,52.25696
21/10/2022 12:39,202208,202108,Other Reporting Airports,BRISTOL,GUERNSEY,3336,3336,0,1603,1603,0,108.10979
21/10/2022 12:39,202208,202108,Other Reporting Airports,BRISTOL,INVERNESS,6531,6531,0,8059,8059,0,-18.96017
21/10/2022 12:39,202208,202108,Other Reporting Airports,BRISTOL,ISLE OF MAN,3857,3857,0,1872,1872,0,106.03632
21/10/2022 12:39,202208,202108,Other Reporting Airports,BRISTOL,JERSEY,4676,4676,0,5815,5815,0,-19.58727
21/10/2022 12:39,202208,202108,Other Reporting Airports,BRISTOL,MANCHESTER,2,2,0,2,2,0,0
21/10/2022 12:39,202208,202108,Other Reporting Airports,BRISTOL,NEWCASTLE,10473,10364,109,8495,8495,0,23.28428
21/10/2022 12:39,202208,202108,Other Reporting Airports,BRISTOL,TEESSIDE INTERNATIONAL AIRPORT,0,0,0,543,464,79,-100
21/10/2022 12:39,202208,202108,Other Reporting Airports,BRIZE NORTON,MANCHESTER,45,0,45,0,0,0,0
21/10/2022 12:39,202208,202108,Other Reporting Airports,CAMBRIDGE,MANCHESTER,25,25,0,0,0,0,0
21/10/2022 12:39,202208,202108,Other Reporting Airports,CAMPBELTOWN,GLASGOW,822,822,0,497,497,0,65.39235
21/10/2022 12:39,202208,202108,Other Reporting Airports,CAMPBELTOWN,ISLAY,0,0,0,11,11,0,-100
21/10/2022 12:39,202208,202108,Other Reporting Airports,CARDIFF WALES,DONCASTER SHEFFIELD,0,0,0,68,0,68,-100
21/10/2022 12:39,202208,202108,Other Reporting Airports,CARDIFF WALES,EDINBURGH,2252,2252,0,1248,1248,0,80.44872
21/10/2022 12:39,202208,202108,Other Reporting Airports,CARDIFF WALES,LIVERPOOL (JOHN LENNON),69,0,69,56,0,56,23.21429
21/10/2022 12:39,202208,202108,Other Reporting Airports,CARDIFF WALES,MANCHESTER,0,0,0,67,0,67,-100
21/10/2022 12:39,202208,202108,Other Reporting Airports,CITY OF DERRY (EGLINTON),EDINBURGH,1185,1185,0,0,0,0,0
21/10/2022 12:39,202208,202108,Other Reporting Airports,CITY OF DERRY (EGLINTON),GLASGOW,1269,1269,0,1824,1824,0,-30.42763
21/10/2022 12:39,202208,202108,Other Reporting Airports,CITY OF DERRY (EGLINTON),LIVERPOOL (JOHN LENNON),2300,2300,0,3293,3293,0,-30.15487
21/10/2022 12:39,202208,202108,Other Reporting Airports,CITY OF DERRY (EGLINTON),MANCHESTER,6180,6180,0,0,0,0,0
21/10/2022 12:39,202208,202108,Other Reporting Airports,COLL,TIREE,34,34,0,16,16,0,112.5
21/10/2022 12:39,202208,202108,Other Reporting Airports,COLONSAY,ISLAY,13,13,0,13,13,0,0
21/10/2022 12:39,202208,202108,Other Reporting Airports,DUNDEE,MANCHESTER,0,0,0,121,0,121,-100
21/10/2022 12:39,202208,202108,Other Reporting Airports,DUNDEE,SUMBURGH,247,247,0,0,0,0,0
21/10/2022 12:39,202208,202108,Other Reporting Airports,EAST MIDLANDS INTERNATIONAL,GLASGOW,0,0,0,110,110,0,-100
21/10/2022 12:39,202208,202108,Other Reporting Airports,EAST MIDLANDS INTERNATIONAL,GUERNSEY,2261,2261,0,1630,1630,0,38.71166
21/10/2022 12:39,202208,202108,Other Reporting Airports,EAST MIDLANDS INTERNATIONAL,JERSEY,4318,4318,0,2679,2679,0,61.17954
21/10/2022 12:39,202208,202108,Other Reporting Airports,EAST MIDLANDS INTERNATIONAL,LEEDS BRADFORD,0,0,0,228,228,0,-100
21/10/2022 12:39,202208,202108,Other Reporting Airports,EAST MIDLANDS INTERNATIONAL,MANCHESTER,0,0,0,279,279,0,-100
21/10/2022 12:39,202208,202108,Other Reporting Airports,EAST MIDLANDS INTERNATIONAL,NEWCASTLE,0,0,0,115,0,115,-100
21/10/2022 12:39,202208,202108,Other Reporting Airports,EDAY,KIRKWALL,6,6,0,14,14,0,-57.14286
21/10/2022 12:39,202208,202108,Other Reporting Airports,EDINBURGH,EXETER,2600,2600,0,2103,2103,0,23.63291
21/10/2022 12:39,202208,202108,Other Reporting Airports,EDINBURGH,GLASGOW,0,0,0,160,160,0,-100
21/10/2022 12:39,202208,202108,Other Reporting Airports,EDINBURGH,GUERNSEY,582,582,0,1365,1365,0,-57.36264
21/10/2022 12:39,202208,202108,Other Reporting Airports,EDINBURGH,ISLE OF MAN,1009,1009,0,540,540,0,86.85185
21/10/2022 12:39,202208,202108,Other Reporting Airports,EDINBURGH,JERSEY,404,404,0,2088,2088,0,-80.65134
21/10/2022 12:39,202208,202108,Other Reporting Airports,EDINBURGH,KIRKWALL,3828,3828,0,2175,2175,0,76
21/10/2022 12:39,202208,202108,Other Reporting Airports,EDINBURGH,MANCHESTER,131,131,0,0,0,0,0
21/10/2022 12:39,202208,202108,Other Reporting Airports,EDINBURGH,NEWCASTLE,0,0,0,8,8,0,-100
21/10/2022 12:39,202208,202108,Other Reporting Airports,EDINBURGH,NEWQUAY,2063,2063,0,1479,1479,0,39.48614
21/10/2022 12:39,202208,202108,Other Reporting Airports,EDINBURGH,NORWICH,0,0,0,313,313,0,-100
21/10/2022 12:39,202208,202108,Other Reporting Airports,EDINBURGH,SOUTHAMPTON,8248,8248,0,5504,5504,0,49.85465
21/10/2022 12:39,202208,202108,Other Reporting Airports,EDINBURGH,STORNOWAY,1745,1745,0,1181,1181,0,47.75614
21/10/2022 12:39,202208,202108,Other Reporting Airports,EDINBURGH,SUMBURGH,3850,3565,285,2976,2638,338,29.36828
21/10/2022 12:39,202208,202108,Other Reporting Airports,EXETER,GLASGOW,1689,1689,0,1389,1389,0,21.59827
21/10/2022 12:39,202208,202108,Other Reporting Airports,EXETER,GUERNSEY,2225,2225,0,1472,1472,0,51.15489
21/10/2022 12:39,202208,202108,Other Reporting Airports,EXETER,ISLES OF SCILLY (ST.MARYS),1786,1786,0,1899,1899,0,-5.9505
21/10/2022 12:39,202208,202108,Other Reporting Airports,EXETER,JERSEY,3032,3032,0,2305,2305,0,31.54013
21/10/2022 12:39,202208,202108,Other Reporting Airports,EXETER,LANDS END (ST JUST),15,15,0,0,0,0,0
21/10/2022 12:39,202208,202108,Other Reporting Airports,EXETER,MANCHESTER,0,0,0,762,762,0,-100
21/10/2022 12:39,202208,202108,Other Reporting Airports,EXETER,NEWCASTLE,1621,1621,0,1605,1605,0,0.99688
21/10/2022 12:39,202208,202108,Other Reporting Airports,EXETER,NEWQUAY,0,0,0,15,15,0,-100
21/10/2022 12:39,202208,202108,Other Reporting Airports,EXETER,NORWICH,742,742,0,1065,1065,0,-30.32864
21/10/2022 12:39,202208,202108,Other Reporting Airports,FAIR ISLE,LERWICK (TINGWALL),274,274,0,243,243,0,12.7572
21/10/2022 12:39,202208,202108,Other Reporting Airports,FARNBOROUGH,LIVERPOOL (JOHN LENNON),40,0,40,39,0,39,2.5641
21/10/2022 12:39,202208,202108,Other Reporting Airports,FARNBOROUGH,TEESSIDE INTERNATIONAL AIRPORT,27,27,0,0,0,0,0
21/10/2022 12:39,202208,202108,Other Reporting Airports,FOULA,LERWICK (TINGWALL),184,184,0,99,99,0,85.85859
21/10/2022 12:39,202208,202108,London Area Airports,GATWICK,ABERDEEN,16935,16935,0,8929,8929,0,89.6629
21/10/2022 12:39,202208,202108,London Area Airports,GATWICK,BELFAST CITY (GEORGE BEST),15254,15254,0,20439,20439,0,-25.36817
21/10/2022 12:39,202208,202108,London Area Airports,GATWICK,BELFAST INTERNATIONAL,49882,49882,0,44011,43858,153,13.33985
21/10/2022 12:39,202208,202108,London Area Airports,GATWICK,BIRMINGHAM,0,0,0,155,0,155,-100
21/10/2022 12:39,202208,202108,London Area Airports,GATWICK,BRISTOL,285,0,285,0,0,0,0
21/10/2022 12:39,202208,202108,London Area Airports,GATWICK,CARDIFF WALES,0,0,0,92,0,92,-100
21/10/2022 12:39,202208,202108,London Area Airports,GATWICK,EDINBURGH,35039,35039,0,28274,28274,0,23.92658
21/10/2022 12:39,202208,202108,London Area Airports,GATWICK,GLASGOW,41811,41811,0,28419,28403,16,47.1234
21/10/2022 12:39,202208,202108,London Area Airports,GATWICK,GUERNSEY,29235,29235,0,11632,11632,0,151.33253
21/10/2022 12:39,202208,202108,London Area Airports,GATWICK,INVERNESS,20872,20872,0,18947,18947,0,10.15992
21/10/2022 12:39,202208,202108,London Area Airports,GATWICK,ISLE OF MAN,13326,13326,0,7969,7969,0,67.22299
21/10/2022 12:39,202208,202108,London Area Airports,GATWICK,JERSEY,31451,31451,0,22403,22403,0,40.38745
21/10/2022 12:39,202208,202108,London Area Airports,GATWICK,LIVERPOOL (JOHN LENNON),45,0,45,119,0,119,-62.18487
21/10/2022 12:39,202208,202108,London Area Airports,GATWICK,MANCHESTER,90,0,90,318,0,318,-71.69811
21/10/2022 12:39,202208,202108,London Area Airports,GATWICK,NEWCASTLE,55,0,55,0,0,0,0
21/10/2022 12:39,202208,202108,London Area Airports,GATWICK,NEWQUAY,8198,8198,0,3051,3051,0,168.69879
21/10/2022 12:39,202208,202108,London Area Airports,GATWICK,STANSTED,0,0,0,74,0,74,-100
21/10/2022 12:39,202208,202108,Other Reporting Airports,GLASGOW,GUERNSEY,154,154,0,0,0,0,0
21/10/2022 12:39,202208,202108,Other Reporting Airports,GLASGOW,ISLAY,2653,2653,0,1703,1703,0,55.78391
21/10/2022 12:39,202208,202108,Other Reporting Airports,GLASGOW,JERSEY,8391,8391,0,7249,7249,0,15.7539
21/10/2022 12:39,202208,202108,Other Reporting Airports,GLASGOW,KIRKWALL,1644,1644,0,1111,1111,0,47.9748
21/10/2022 12:39,202208,202108,Other Reporting Airports,GLASGOW,LEEDS BRADFORD,0,0,0,48,48,0,-100
21/10/2022 12:39,202208,202108,Other Reporting Airports,GLASGOW,MANCHESTER,0,0,0,52,52,0,-100
21/10/2022 12:39,202208,202108,Other Reporting Airports,GLASGOW,NEWQUAY,2453,2453,0,2273,2273,0,7.91905
21/10/2022 12:39,202208,202108,Other Reporting Airports,GLASGOW,SOUTHAMPTON,7639,7639,0,4765,4765,0,60.3148
21/10/2022 12:39,202208,202108,Other Reporting Airports,GLASGOW,STORNOWAY,5936,5936,0,4649,4649,0,27.68337
21/10/2022 12:39,202208,202108,Other Reporting Airports,GLASGOW,SUMBURGH,2233,2233,0,1443,1443,0,54.74705
21/10/2022 12:39,202208,202108,Other Reporting Airports,GLASGOW,TIREE,1311,1311,0,1353,1353,0,-3.10421
21/10/2022 12:39,202208,202108,Other Reporting Airports,GUERNSEY,ISLE OF MAN,0,0,0,116,0,116,-100
21/10/2022 12:39,202208,202108,Other Reporting Airports,GUERNSEY,JERSEY,6507,6507,0,894,894,0,627.85235
21/10/2022 12:39,202208,202108,Other Reporting Airports,GUERNSEY,LEEDS BRADFORD,1068,1068,0,674,674,0,58.45697
21/10/2022 12:39,202208,202108,Other Reporting Airports,GUERNSEY,MANCHESTER,6276,6276,0,4154,4154,0,51.08329
21/10/2022 12:39,202208,202108,Other Reporting Airports,GUERNSEY,NORWICH,0,0,0,163,163,0,-100
21/10/2022 12:39,202208,202108,Other Reporting Airports,GUERNSEY,OXFORD (KIDLINGTON),0,0,0,2,0,2,-100
21/10/2022 12:39,202208,202108,Other Reporting Airports,GUERNSEY,SOUTHAMPTON,10497,10497,0,6364,6364,0,64.94343
21/10/2022 12:39,202208,202108,London Area Airports,HEATHROW,ABERDEEN,25623,25623,0,26806,26806,0,-4.41319
21/10/2022 12:39,202208,202108,London Area Airports,HEATHROW,BELFAST CITY (GEORGE BEST),49424,49424,0,40686,40686,0,21.47668
21/10/2022 12:39,202208,202108,London Area Airports,HEATHROW,EDINBURGH,55968,55968,0,43156,43156,0,29.68764
21/10/2022 12:39,202208,202108,London Area Airports,HEATHROW,GLASGOW,54403,54403,0,39626,39626,0,37.29117
21/10/2022 12:39,202208,202108,London Area Airports,HEATHROW,INVERNESS,13140,13140,0,9407,9407,0,39.68321
21/10/2022 12:39,202208,202108,London Area Airports,HEATHROW,ISLE OF MAN,2896,2896,0,663,663,0,336.80241
21/10/2022 12:39,202208,202108,London Area Airports,HEATHROW,JERSEY,29456,29456,0,19480,19480,0,51.2115
21/10/2022 12:39,202208,202108,London Area Airports,HEATHROW,LEEDS BRADFORD,881,881,0,0,0,0,0
21/10/2022 12:39,202208,202108,London Area Airports,HEATHROW,MANCHESTER,21250,21250,0,20078,20078,0,5.83723
21/10/2022 12:39,202208,202108,London Area Airports,HEATHROW,NEWCASTLE,21496,21496,0,11575,11575,0,85.71058
21/10/2022 12:39,202208,202108,London Area Airports,HEATHROW,NEWQUAY,2339,2339,0,4844,4844,0,-51.71346
21/10/2022 12:39,202208,202108,London Area Airports,HEATHROW,TEESSIDE INTERNATIONAL AIRPORT,0,0,0,1198,1198,0,-100
21/10/2022 12:39,202208,202108,Other Reporting Airports,HUMBERSIDE,JERSEY,485,485,0,327,0,327,48.31804
21/10/2022 12:39,202208,202108,Other Reporting Airports,HUMBERSIDE,NEWQUAY,469,469,0,0,0,0,0
21/10/2022 12:39,202208,202108,Other Reporting Airports,HUMBERSIDE,NORWICH,44,0,44,0,0,0,0
21/10/2022 12:39,202208,202108,Other Reporting Airports,HUMBERSIDE,TEESSIDE INTERNATIONAL AIRPORT,0,0,0,55,55,0,-100
21/10/2022 12:39,202208,202108,Other Reporting Airports,INVERNESS,KIRKWALL,0,0,0,1151,1151,0,-100
21/10/2022 12:39,202208,202108,Other Reporting Airports,INVERNESS,MANCHESTER,5439,5439,0,1747,1747,0,211.33371
21/10/2022 12:39,202208,202108,Other Reporting Airports,INVERNESS,NEWQUAY,0,0,0,768,768,0,-100
21/10/2022 12:39,202208,202108,Other Reporting Airports,INVERNESS,STORNOWAY,1306,1306,0,1776,1776,0,-26.46396
21/10/2022 12:39,202208,202108,Other Reporting Airports,INVERNESS,SUMBURGH,1591,1591,0,58,58,0,2643.10345
21/10/2022 12:39,202208,202108,Other Reporting Airports,ISLAY,OBAN (NORTH CONNEL),6,6,0,0,0,0,0
21/10/2022 12:39,202208,202108,Other Reporting Airports,ISLE OF MAN,JERSEY,0,0,0,217,217,0,-100
21/10/2022 12:39,202208,202108,Other Reporting Airports,ISLE OF MAN,LIVERPOOL (JOHN LENNON),14106,14106,0,6556,6556,0,115.16168
21/10/2022 12:39,202208,202108,Other Reporting Airports,ISLE OF MAN,MANCHESTER,5565,5565,0,1686,1686,0,230.07117
21/10/2022 12:39,202208,202108,Other Reporting Airports,ISLES OF SCILLY (ST.MARYS),NEWQUAY,336,336,0,314,314,0,7.00637
21/10/2022 12:39,202208,202108,Other Reporting Airports,JERSEY,LEEDS BRADFORD,3559,3559,0,3206,3206,0,11.01061
21/10/2022 12:39,202208,202108,Other Reporting Airports,JERSEY,LIVERPOOL (JOHN LENNON),12873,12873,0,7520,7520,0,71.18351
21/10/2022 12:39,202208,202108,Other Reporting Airports,JERSEY,MANCHESTER,6660,6660,0,10019,9963,56,-33.5263
21/10/2022 12:39,202208,202108,Other Reporting Airports,JERSEY,NEWCASTLE,1336,1336,0,3371,3371,0,-60.36784
21/10/2022 12:39,202208,202108,Other Reporting Airports,JERSEY,NEWQUAY,0,0,0,425,425,0,-100
21/10/2022 12:39,202208,202108,Other Reporting Airports,JERSEY,NORWICH,963,963,0,476,476,0,102.31092
21/10/2022 12:39,202208,202108,Other Reporting Airports,JERSEY,SOUTHAMPTON,11012,11012,0,7363,7363,0,49.5586
21/10/2022 12:39,202208,202108,Other Reporting Airports,JERSEY,TEESSIDE INTERNATIONAL AIRPORT,504,504,0,652,652,0,-22.69939
21/10/2022 12:39,202208,202108,Other Reporting Airports,KIRKWALL,NORTH RONALDSAY,734,734,0,747,747,0,-1.74029
21/10/2022 12:39,202208,202108,Other Reporting Airports,KIRKWALL,PAPA WESTRAY,485,485,0,477,477,0,1.67715
21/10/2022 12:39,202208,202108,Other Reporting Airports,KIRKWALL,SANDAY,242,242,0,277,277,0,-12.63538
21/10/2022 12:39,202208,202108,Other Reporting Airports,KIRKWALL,STRONSAY,242,242,0,259,259,0,-6.56371
21/10/2022 12:39,202208,202108,Other Reporting Airports,KIRKWALL,SUMBURGH,732,732,0,609,609,0,20.19704
21/10/2022 12:39,202208,202108,Other Reporting Airports,KIRKWALL,WESTRAY,294,294,0,327,327,0,-10.09174
21/10/2022 12:39,202208,202108,Other Reporting Airports,LANDS END (ST JUST),NEWQUAY,0,0,0,4,4,0,-100
21/10/2022 12:39,202208,202108,Other Reporting Airports,LEEDS BRADFORD,MANCHESTER,0,0,0,35,35,0,-100
21/10/2022 12:39,202208,202108,Other Reporting Airports,LEEDS BRADFORD,NEWCASTLE,187,187,0,15,15,0,1146.66667
21/10/2022 12:39,202208,202108,Other Reporting Airports,LEEDS BRADFORD,NEWQUAY,0,0,0,851,851,0,-100
21/10/2022 12:39,202208,202108,Other Reporting Airports,LEEDS BRADFORD,SOUTHAMPTON,0,0,0,458,458,0,-100
21/10/2022 12:39,202208,202108,Other Reporting Airports,LIVERPOOL (JOHN LENNON),NORWICH,0,0,0,80,0,80,-100
21/10/2022 12:39,202208,202108,Other Reporting Airports,LIVERPOOL (JOHN LENNON),SOUTHAMPTON,0,0,0,79,0,79,-100
21/10/2022 12:39,202208,202108,London Area Airports,LONDON CITY,BELFAST CITY (GEORGE BEST),9474,9474,0,9653,9653,0,-1.85435
21/10/2022 12:39,202208,202108,London Area Airports,LONDON CITY,DUNDEE,2715,2715,0,1827,1827,0,48.60427
21/10/2022 12:39,202208,202108,London Area Airports,LONDON CITY,EDINBURGH,20356,20356,0,8431,8431,0,141.4423
21/10/2022 12:39,202208,202108,London Area Airports,LONDON CITY,GLASGOW,16134,16134,0,6852,6852,0,135.4641
21/10/2022 12:39,202208,202108,London Area Airports,LONDON CITY,GUERNSEY,1213,1213,0,1363,1363,0,-11.00514
21/10/2022 12:39,202208,202108,London Area Airports,LONDON CITY,ISLE OF MAN,2298,2298,0,0,0,0,0
21/10/2022 12:39,202208,202108,London Area Airports,LONDON CITY,JERSEY,1804,1804,0,1578,1578,0,14.32193
21/10/2022 12:39,202208,202108,London Area Airports,LONDON CITY,SUMBURGH,45,45,0,0,0,0,0
21/10/2022 12:39,202208,202108,London Area Airports,LUTON,ABERDEEN,5031,4967,64,4723,4723,0,6.52128
21/10/2022 12:39,202208,202108,London Area Airports,LUTON,BELFAST INTERNATIONAL,32301,32301,0,23354,23354,0,38.31035
21/10/2022 12:39,202208,202108,London Area Airports,LUTON,BRISTOL,0,0,0,152,0,152,-100
21/10/2022 12:39,202208,202108,London Area Airports,LUTON,EDINBURGH,25727,25727,0,19186,19186,0,34.09257
21/10/2022 12:39,202208,202108,London Area Airports,LUTON,GLASGOW,21690,21690,0,13158,13158,0,64.84268
21/10/2022 12:39,202208,202108,London Area Airports,LUTON,INVERNESS,13483,13483,0,12320,12320,0,9.43994
21/10/2022 12:39,202208,202108,London Area Airports,LUTON,JERSEY,9595,9595,0,9235,9235,0,3.89821
21/10/2022 12:39,202208,202108,London Area Airports,LUTON,MANCHESTER,0,0,0,113,113,0,-100
21/10/2022 12:39,202208,202108,Other Reporting Airports,MANCHESTER,NEWCASTLE,0,0,0,147,147,0,-100
21/10/2022 12:39,202208,202108,Other Reporting Airports,MANCHESTER,NEWQUAY,9249,9249,0,8377,8377,0,10.40945
21/10/2022 12:39,202208,202108,Other Reporting Airports,MANCHESTER,NORWICH,0,0,0,71,0,71,-100
21/10/2022 12:39,202208,202108,Other Reporting Airports,MANCHESTER,SOUTHAMPTON,0,0,0,1031,1031,0,-100
21/10/2022 12:39,202208,202108,Other Reporting Airports,MANCHESTER,SUMBURGH,264,264,0,1402,1402,0,-81.16976
21/10/2022 12:39,202208,202108,Other Reporting Airports,NEWCASTLE,NEWQUAY,1102,1102,0,1293,1293,0,-14.77185
21/10/2022 12:39,202208,202108,Other Reporting Airports,NEWCASTLE,NORWICH,70,0,70,0,0,0,0
21/10/2022 12:39,202208,202108,Other Reporting Airports,NEWCASTLE,SOUTHAMPTON,3887,3887,0,2801,2701,100,38.77187
21/10/2022 12:39,202208,202108,Other Reporting Airports,NEWQUAY,SOUTHAMPTON,0,0,0,5,5,0,-100
21/10/2022 12:39,202208,202108,Other Reporting Airports,NEWQUAY,SUMBURGH,0,0,0,11,11,0,-100
21/10/2022 12:39,202208,202108,Other Reporting Airports,NEWQUAY,TEESSIDE INTERNATIONAL AIRPORT,271,271,0,619,619,0,-56.21971
21/10/2022 12:39,202208,202108,Other Reporting Airports,OBAN (NORTH CONNEL),TIREE,36,36,0,3,3,0,1100
21/10/2022 12:39,202208,202108,London Area Airports,STANSTED,BELFAST INTERNATIONAL,31340,31340,0,21514,21514,0,45.67259
21/10/2022 12:39,202208,202108,London Area Airports,STANSTED,CITY OF DERRY (EGLINTON),6838,6838,0,5628,5628,0,21.49964
21/10/2022 12:39,202208,202108,London Area Airports,STANSTED,EDINBURGH,20567,20567,0,15582,15582,0,31.99204
21/10/2022 12:39,202208,202108,London Area Airports,STANSTED,GLASGOW,20280,20129,151,15418,15418,0,31.53457
21/10/2022 12:39,202208,202108,London Area Airports,STANSTED,JERSEY,1145,1145,0,1766,1766,0,-35.16421
21/10/2022 12:39,202208,202108,London Area Airports,STANSTED,MANCHESTER,185,185,0,0,0,0,0

